<?xml version='1.0' encoding='UTF-8'?>
<!DOCTYPE EmailTemplate PUBLIC "sailpoint.dtd" "sailpoint.dtd">
<EmailTemplate name="IPPS-Leaver-Email">
  <Body>This $userID is no longer active in AMID. Please take further action.
    </Body>
  <Description>
      Email Template for notifying on Leaver.
    </Description>
  <Signature>
    <Inputs>
      <Argument name="userID" type="string">
        <Description>Name of the report that was completed</Description>
      </Argument>
    </Inputs>
  </Signature>
  <Subject>Leaver Email</Subject>
</EmailTemplate>