<?xml version='1.0' encoding='UTF-8'?>
<!DOCTYPE Workflow PUBLIC "sailpoint.dtd" "sailpoint.dtd">
<Workflow explicitTransitions="true" name="IPPS-A-Leaver-Workflow" type="IdentityLifecycle">
  <Variable input="true" name="launcher"/>
  <Variable input="true" name="identityDisplayName"/>
  <Variable editable="true" input="true" name="identityName"/>
  <Variable input="true" name="event"/>
  <Variable initializer="false" input="true" name="trace"/>
  <Variable initializer="true" input="true" name="doRefresh"/>
  <Step icon="Start" name="Start" posX="90" posY="126">
    <Transition to="SendEmail"/>
  </Step>
  <Step name="SendEmail" posX="160" posY="126">
    <Script>
      <Source><![CDATA[		
        import sailpoint.object.EmailOptions;
        import sailpoint.object.EmailTemplate;

        String toAddress = "Put IPPSADesignatedPOC Email";
        
        Identity identity = context.getObjectByName(Identity.class, identityName);

        EmailTemplate emailTemplate = context.getObject( EmailTemplate.class, "IPPS-Leaver-Email" );
        EmailOptions emailOptions = new EmailOptions();
        emailOptions.setTo(toAddress);
        emailOptions.setVariable("userID", identity.getAttribute("userId"));
        
        context.sendEmailNotification(emailTemplate, emailOptions);
      ]]></Source>
    </Script>
    <Transition to="End"/>
  </Step>
  <Step icon="Stop" name="End" posX="736" posY="130"/>
</Workflow>