<?xml version='1.0' encoding='UTF-8'?>
<!DOCTYPE Application PUBLIC "sailpoint.dtd" "sailpoint.dtd">
<Application caseInsensitive="true" connector="sailpoint.connector.DelimitedFileConnector" featuresString="DIRECT_PERMISSIONS, NO_RANDOM_ACCESS, DISCOVER_SCHEMA" icon="enterpriseIcon" name="IPPS-A" profileClass="" type="DelimitedFile">
  <Attributes>
    <Map>
      <entry key="PassphraseForPrivateKey"/>
      <entry key="PrivateKeyFilePath"/>
      <entry key="afterProvisioningRule"/>
      <entry key="apmId"/>
      <entry key="beforeProvisioningRule"/>
      <entry key="compositeDefinition"/>
      <entry key="delimiter" value=","/>
      <entry key="file" value="/Exelon/IACCP/Dev/Integrations/Inbound/IPPS-A/IPPS-A.csv"/>
      <entry key="filetransport" value="local"/>
      <entry key="filterEmptyRecords">
        <value>
          <Boolean>true</Boolean>
        </value>
      </entry>
      <entry key="ftpsAuthMethod" value="password"/>
      <entry key="ftpsClientCertificateFilePath"/>
      <entry key="ftpsClientCertificatePassphrase"/>
      <entry key="group.filetransport" value="local"/>
      <entry key="group.filterEmptyRecords">
        <value>
          <Boolean>true</Boolean>
        </value>
      </entry>
      <entry key="group.partitionMode" value="auto"/>
      <entry key="hasHeader">
        <value>
          <Boolean>true</Boolean>
        </value>
      </entry>
      <entry key="indexColumn" value="Email"/>
      <entry key="isCaseInsensitiveMerge">
        <value>
          <Boolean>true</Boolean>
        </value>
      </entry>
      <entry key="isSortedByIndexColumn">
        <value>
          <Boolean/>
        </value>
      </entry>
      <entry key="mergeColumns">
        <value>
          <List>
            <String>ID</String>
            <String>Subsystem</String>
          </List>
        </value>
      </entry>
      <entry key="mergeRows">
        <value>
          <Boolean>true</Boolean>
        </value>
      </entry>
      <entry key="nativeChangeDetectionAttributeScope" value="entitlements"/>
      <entry key="nativeChangeDetectionAttributes"/>
      <entry key="nativeChangeDetectionEnabled">
        <value>
          <Boolean/>
        </value>
      </entry>
      <entry key="nativeChangeDetectionOperations"/>
      <entry key="parseType" value="delimited"/>
      <entry key="partitionMode" value="auto"/>
      <entry key="port"/>
      <entry key="sftpAuthMethod" value="password"/>
      <entry key="stopIfLineHasWrongColumnLength">
        <value>
          <Boolean/>
        </value>
      </entry>
      <entry key="sysDescriptions">
        <value>
          <Map>
            <entry key="en_US"/>
          </Map>
        </value>
      </entry>
      <entry key="templateApplication" value="DelimitedFile Template"/>
    </Map>
  </Attributes>
  <CorrelationRule>
    <Reference class="sailpoint.object.Rule" name="IPPS-A"/>
  </CorrelationRule>
  <Owner>
    <Reference class="sailpoint.object.Identity" name="spadmin"/>
  </Owner>
  <Schemas>
    <Schema displayAttribute="Name" identityAttribute="Email" instanceAttribute="" nativeObjectType="account" objectType="account" permissionsRemediationModificationType="None">
      <AttributeDefinition name="System" type="string">
        <Description/>
      </AttributeDefinition>
      <AttributeDefinition name="Subsystem" type="string">
        <Description/>
      </AttributeDefinition>
      <AttributeDefinition name="ID" type="string">
        <Description/>
      </AttributeDefinition>
      <AttributeDefinition name="Name" type="string">
        <Description/>
      </AttributeDefinition>
      <AttributeDefinition name="EDIPI" type="string">
        <Description/>
      </AttributeDefinition>
      <AttributeDefinition name="PTC" type="string">
        <Description/>
      </AttributeDefinition>
      <AttributeDefinition name="Email" type="string">
        <Description/>
      </AttributeDefinition>
    </Schema>
  </Schemas>
  <ApplicationScorecard/>
</Application>