<?xml version='1.0' encoding='UTF-8'?>
<!DOCTYPE IdentityTrigger PUBLIC "sailpoint.dtd" "sailpoint.dtd">
<IdentityTrigger handler="sailpoint.api.WorkflowTriggerHandler" name="IPPS-A Leaver Trigger" type="Rule">
  <Description>IPPS-A Leaver Trigger</Description>
  <Owner>
    <Reference class="sailpoint.object.Identity" name="919467"/>
  </Owner>
  <HandlerParameters>
    <Attributes>
      <Map>
        <entry key="businessProcess"/>
        <entry key="identityProcessingThreshold"/>
        <entry key="identityProcessingThresholdType"/>
        <entry key="workflow" value="EWS Exelon_Interim_Leaver_Workflow"/>
      </Map>
    </Attributes>
  </HandlerParameters>
  <TriggerRule>
    <Reference class="sailpoint.object.Rule" name="AMID-Leaver-IdentityTrigger-Rule"/>
  </TriggerRule>
</IdentityTrigger>